tvl_file_name,tvl_license_number,tvl_predict_pct,tvl_label,tvl_confidence,tvl_latitude,tvl_longitude,tvl_remark,metode,tvl_capture_datetime
DataVideo\A1206YV.mp4,206T,0,,0,0,0,,Small,2025-07-15 13:32:46
DataVideo\A1206YV.mp4,A20SV,0,,0,0,0,,Small,2025-07-15 13:32:47
DataVideo\A1206YV.mp4,A206V,0,,0,0,0,,Small,2025-07-15 13:32:48
DataVideo\A1206YV.mp4,A206V,0,,0,0,0,,Small,2025-07-15 13:32:49
DataVideo\A1206YV.mp4,A206V,0,,0,0,0,,Small,2025-07-15 13:32:50
DataVideo\A1206YV.mp4,A3206V,0,,0,0,0,,Small,2025-07-15 13:32:50
DataVideo\A1206YV.mp4,A1206V,0,,0,0,0,,Small,2025-07-15 13:32:51
DataVideo\A1206YV.mp4,A1206V,0,,0,0,0,,Small,2025-07-15 13:32:51
DataVideo\A1206YV.mp4,A206V,0,,0,0,0,,Small,2025-07-15 13:32:52
DataVideo\A1206YV.mp4,A2067V,0,,0,0,0,,Small,2025-07-15 13:32:53
DataVideo\A1206YV.mp4,A206V,0,,0,0,0,,Small,2025-07-15 13:32:53
DataVideo\A1206YV.mp4,A3206YV,0,,0,0,0,,Small,2025-07-15 13:32:54
DataVideo\A1206YV.mp4,AG206YV,0,,0,0,0,,Small,2025-07-15 13:32:55
DataVideo\A1206YV.mp4,AG206YV,0,,0,0,0,,Small,2025-07-15 13:32:55
DataVideo\A1206YV.mp4,AG206YV,0,,0,0,0,,Small,2025-07-15 13:32:56
DataVideo\A1206YV.mp4,AG206YV,0,,0,0,0,,Small,2025-07-15 13:32:56
DataVideo\A1206YV.mp4,AG206YU,0,,0,0,0,,Small,2025-07-15 13:32:57
DataVideo\A1206YV.mp4,A206Y,0,,0,0,0,,Small,2025-07-15 13:32:57
DataVideo\A1206YV.mp4,AG206YU,0,,0,0,0,,Small,2025-07-15 13:32:58
DataVideo\A1206YV.mp4,AG206Y,0,,0,0,0,,Small,2025-07-15 13:32:59
DataVideo\A1206YV.mp4,AG206Y,0,,0,0,0,,Small,2025-07-15 13:32:59
DataVideo\A1206YV.mp4,AG206YU,0,,0,0,0,,Small,2025-07-15 13:33:00
DataVideo\A1206YV.mp4,A206YV,0,,0,0,0,,Small,2025-07-15 13:33:01
DataVideo\A1206YV.mp4,A206YU,0,,0,0,0,,Small,2025-07-15 13:33:01
DataVideo\A1206YV.mp4,A2G6YV,0,,0,0,0,,Small,2025-07-15 13:33:02
DataVideo\A1206YV.mp4,A206YU,0,,0,0,0,,Small,2025-07-15 13:33:03
DataVideo\A1206YV.mp4,AA2G6YV,0,,0,0,0,,Small,2025-07-15 13:33:03
DataVideo\A1206YV.mp4,A266YV,0,,0,0,0,,Small,2025-07-15 13:33:04
DataVideo\A1206YV.mp4,A1206YV,0,,0,0,0,,Small,2025-07-15 13:33:05
DataVideo\A1206YV.mp4,A12G6YV,0,,0,0,0,,Small,2025-07-15 13:33:05
DataVideo\A1206YV.mp4,A1206YV,0,,0,0,0,,Small,2025-07-15 13:33:06
DataVideo\A1206YV.mp4,A1206YV,0,,0,0,0,,Small,2025-07-15 13:33:06
DataVideo\A1206YV.mp4,A1206YV,0,,0,0,0,,Small,2025-07-15 13:33:07
DataVideo\A1206YV.mp4,A1206YU,0,,0,0,0,,Small,2025-07-15 13:33:08
DataVideo\A1206YV.mp4,A1206YU,0,,0,0,0,,Small,2025-07-15 13:33:08
DataVideo\A1206YV.mp4,A1206YU,0,,0,0,0,,Small,2025-07-15 13:33:09
DataVideo\A1206YV.mp4,A1206YV,0,,0,0,0,,Small,2025-07-15 13:33:10
DataVideo\A1206YV.mp4,A1206YV,0,,0,0,0,,Small,2025-07-15 13:33:11
DataVideo\A1206YV.mp4,A1206YV,0,,0,0,0,,Small,2025-07-15 13:33:11
DataVideo\A1206YV.mp4,A,0,,0,0,0,,Small,2025-07-15 13:33:12
DataVideo\A1206YV.mp4,A1206YU,0,,0,0,0,,Small,2025-07-15 13:33:13
DataVideo\A1206YV.mp4,A1206YV,0,,0,0,0,,Small,2025-07-15 13:33:14
DataVideo\A1206YV.mp4,A1206YV,0,,0,0,0,,Small,2025-07-15 13:33:15
DataVideo\A1206YV.mp4,A1206YV,0,,0,0,0,,Small,2025-07-15 13:33:16
DataVideo\A1206YV.mp4,A1206YV,0,,0,0,0,,Small,2025-07-15 13:33:16
DataVideo\A1206YV.mp4,A1206YV,0,,0,0,0,,Small,2025-07-15 13:33:17
DataVideo\A1206YV.mp4,A1206YU,0,,0,0,0,,Small,2025-07-15 13:33:18
DataVideo\A1206YV.mp4,A1206YV,0,,0,0,0,,Small,2025-07-15 13:33:19
DataVideo\A1206YV.mp4,A,0,,0,0,0,,Small,2025-07-15 13:33:20
DataVideo\A1206YV.mp4,A1206YV,0,,0,0,0,,Small,2025-07-15 13:33:21
DataVideo\A1206YV.mp4,A1206YV,0,,0,0,0,,Small,2025-07-15 13:33:21
DataVideo\A1206YV.mp4,A1206YV,0,,0,0,0,,Small,2025-07-15 13:33:22
DataVideo\A1206YV.mp4,A1206YV,0,,0,0,0,,Small,2025-07-15 13:33:23
DataVideo\A1206YV.mp4,A,0,,0,0,0,,Small,2025-07-15 13:33:24
DataVideo\A1206YV.mp4,A,0,,0,0,0,,Small,2025-07-15 13:33:25
DataVideo\A1206YV.mp4,92O6,0,,0,0,0,,Small,2025-07-15 13:33:26
DataVideo\A1206YV.mp4,92O6,0,,0,0,0,,Small,2025-07-15 13:33:27
DataVideo\A1206YV.mp4,92O6,0,,0,0,0,,Small,2025-07-15 13:33:28
DataVideo\A1206YV.mp4,013O,0,,0,0,0,,Small,2025-07-15 13:33:28
DataVideo\A1206YV.mp4,A6X,0,,0,0,0,,Small,2025-07-15 13:33:29
DataVideo\A1206YV.mp4,6E4,0,,0,0,0,,Small,2025-07-15 13:33:34
DataVideo\A1206YV.mp4,6E4,0,,0,0,0,,Small,2025-07-15 13:33:35
DataVideo\A1206YV.mp4,6E4,0,,0,0,0,,Small,2025-07-15 13:33:35
DataVideo\A1206YV.mp4,6E4,0,,0,0,0,,Small,2025-07-15 13:33:36
DataVideo\A1206YV.mp4,6E4,0,,0,0,0,,Small,2025-07-15 13:33:36
DataVideo\A3759XAC.mp4,XA,0,,0,0,0,,Small,2025-07-15 13:33:52
DataVideo\A3759XAC.mp4,A3759XAC,0,,0,0,0,,Small,2025-07-15 13:33:53
DataVideo\A3759XAC.mp4,A3759XAC,0,,0,0,0,,Small,2025-07-15 13:34:04
DataVideo\A4574WAD.mp4,A574WAD,0,,0,0,0,,Small,2025-07-15 13:35:20
DataVideo\A4574WAD.mp4,A574WAD,0,,0,0,0,,Small,2025-07-15 13:35:21
DataVideo\A4574WAD.mp4,A6574,0,,0,0,0,,Small,2025-07-15 13:35:27
DataVideo\A4574WAD.mp4,14576HD,0,,0,0,0,,Small,2025-07-15 13:35:55
DataVideo\B1170CKZ.mp4,B1170CKZ,0,,0,0,0,,Small,2025-07-15 13:36:20
DataVideo\B1170CKZ.mp4,B1170CKZ,0,,0,0,0,,Small,2025-07-15 13:36:21
DataVideo\B1170CKZ.mp4,B1170CKZ,0,,0,0,0,,Small,2025-07-15 13:36:21
DataVideo\B1170CKZ.mp4,B1170CKZ,0,,0,0,0,,Small,2025-07-15 13:36:22
DataVideo\B1170CKZ.mp4,B1170CKZ,0,,0,0,0,,Small,2025-07-15 13:36:23
DataVideo\B1170CKZ.mp4,B1170CKZ,0,,0,0,0,,Small,2025-07-15 13:36:24
DataVideo\B1170CKZ.mp4,B1170CKZ,0,,0,0,0,,Small,2025-07-15 13:36:24
DataVideo\B1170CKZ.mp4,B1170CKZ,0,,0,0,0,,Small,2025-07-15 13:36:25
DataVideo\B1170CKZ.mp4,B1170CKZ,0,,0,0,0,,Small,2025-07-15 13:36:26
DataVideo\B1170CKZ.mp4,B1170CKZ,0,,0,0,0,,Small,2025-07-15 13:36:26
DataVideo\B1170CKZ.mp4,B1170CKZ,0,,0,0,0,,Small,2025-07-15 13:36:27
DataVideo\B1170CKZ.mp4,B1170CKZ,0,,0,0,0,,Small,2025-07-15 13:36:28
DataVideo\B1170CKZ.mp4,0CKZ,0,,0,0,0,,Small,2025-07-15 13:36:29
DataVideo\B1170CKZ.mp4,B,0,,0,0,0,,Small,2025-07-15 13:36:30
DataVideo\B1170CKZ.mp4,CKZ,0,,0,0,0,,Small,2025-07-15 13:36:31
DataVideo\B1170CKZ.mp4,CKZ,0,,0,0,0,,Small,2025-07-15 13:36:32
DataVideo\B1170CKZ.mp4,1170CKL,0,,0,0,0,,Small,2025-07-15 13:36:33
DataVideo\B1196KR.mp4,1196KR,0,,0,0,0,,Small,2025-07-15 13:37:46
DataVideo\B1196KR.mp4,H,0,,0,0,0,,Small,2025-07-15 13:37:46
DataVideo\B1196KR.mp4,1196KR,0,,0,0,0,,Small,2025-07-15 13:37:47
DataVideo\B1196KR.mp4,H1196KR,0,,0,0,0,,Small,2025-07-15 13:37:48
DataVideo\B1196KR.mp4,H1196KR,0,,0,0,0,,Small,2025-07-15 13:37:49
DataVideo\B1196KR.mp4,H,0,,0,0,0,,Small,2025-07-15 13:37:50
DataVideo\B1196KR.mp4,H,0,,0,0,0,,Small,2025-07-15 13:37:50
DataVideo\B1196KR.mp4,H,0,,0,0,0,,Small,2025-07-15 13:37:52
DataVideo\B1196KR.mp4,1196,0,,0,0,0,,Small,2025-07-15 13:37:53
DataVideo\B1196KR.mp4,1196,0,,0,0,0,,Small,2025-07-15 13:37:54
DataVideo\B1196KR.mp4,KR,0,,0,0,0,,Small,2025-07-15 13:37:55
DataVideo\B1196KR.mp4,KR,0,,0,0,0,,Small,2025-07-15 13:37:56
DataVideo\B1196KR.mp4,1196,0,,0,0,0,,Small,2025-07-15 13:37:57
DataVideo\B1196KR.mp4,KR,0,,0,0,0,,Small,2025-07-15 13:37:59
DataVideo\B1196KR.mp4,DM,0,,0,0,0,,Small,2025-07-15 13:38:01
DataVideo\B1196KR.mp4,PMS,0,,0,0,0,,Small,2025-07-15 13:38:31
DataVideo\B1196KR.mp4,PMS,0,,0,0,0,,Small,2025-07-15 13:38:33
DataVideo\B1196KR.mp4,PMS,0,,0,0,0,,Small,2025-07-15 13:38:38
DataVideo\B1607WCO.mp4,1607WCO,0,,0,0,0,,Small,2025-07-15 13:38:51
DataVideo\B1607WCO.mp4,1607WCO,0,,0,0,0,,Small,2025-07-15 13:38:52
DataVideo\B1607WCO.mp4,16O7,0,,0,0,0,,Small,2025-07-15 13:38:53
DataVideo\B1607WCO.mp4,1607WCO,0,,0,0,0,,Small,2025-07-15 13:38:54
DataVideo\B1607WCO.mp4,1607WCO,0,,0,0,0,,Small,2025-07-15 13:38:55
DataVideo\B1607WCO.mp4,1607WCO,0,,0,0,0,,Small,2025-07-15 13:38:55
DataVideo\B1607WCO.mp4,16O7,0,,0,0,0,,Small,2025-07-15 13:38:56
DataVideo\B1607WCO.mp4,16O7,0,,0,0,0,,Small,2025-07-15 13:38:56
DataVideo\B1607WCO.mp4,B1607WCO,0,,0,0,0,,Small,2025-07-15 13:38:58
DataVideo\B1607WCO.mp4,B1607WCO,0,,0,0,0,,Small,2025-07-15 13:38:58
DataVideo\B1607WCO.mp4,B1607WCO,0,,0,0,0,,Small,2025-07-15 13:38:59
DataVideo\B1607WCO.mp4,B1607WCO,0,,0,0,0,,Small,2025-07-15 13:39:00
DataVideo\B1607WCO.mp4,B1607WCO,0,,0,0,0,,Small,2025-07-15 13:39:01
DataVideo\B1607WCO.mp4,B1607WCO,0,,0,0,0,,Small,2025-07-15 13:39:02
DataVideo\B1607WCO.mp4,B1607WCO,0,,0,0,0,,Small,2025-07-15 13:39:02
DataVideo\B1607WCO.mp4,B1607WCO,0,,0,0,0,,Small,2025-07-15 13:39:03
DataVideo\B1607WCO.mp4,B1607WCO,0,,0,0,0,,Small,2025-07-15 13:39:05
DataVideo\B1607WCO.mp4,1607WCO,0,,0,0,0,,Small,2025-07-15 13:39:06
DataVideo\B1607WCO.mp4,1607WCO,0,,0,0,0,,Small,2025-07-15 13:39:07
DataVideo\B2809WGY.mp4,B2809HGY,0,,0,0,0,,Small,2025-07-15 13:39:30
DataVideo\B2809WGY.mp4,B2809HGY,0,,0,0,0,,Small,2025-07-15 13:39:30
DataVideo\B2809WGY.mp4,B2809HGY,0,,0,0,0,,Small,2025-07-15 13:39:31
DataVideo\B2809WGY.mp4,B2809HGY,0,,0,0,0,,Small,2025-07-15 13:39:32
DataVideo\B2809WGY.mp4,B2809WGY,0,,0,0,0,,Small,2025-07-15 13:39:33
DataVideo\B2809WGY.mp4,B2809HGY,0,,0,0,0,,Small,2025-07-15 13:39:33
DataVideo\B2809WGY.mp4,B2809HGY,0,,0,0,0,,Small,2025-07-15 13:39:34
DataVideo\B2809WGY.mp4,B2809HGY,0,,0,0,0,,Small,2025-07-15 13:39:35
DataVideo\B2809WGY.mp4,B2809HGY,0,,0,0,0,,Small,2025-07-15 13:39:35
DataVideo\B2809WGY.mp4,B2809HGY,0,,0,0,0,,Small,2025-07-15 13:39:36
DataVideo\B2809WGY.mp4,B2809HGY,0,,0,0,0,,Small,2025-07-15 13:39:37
DataVideo\B2809WGY.mp4,B2809HGY,0,,0,0,0,,Small,2025-07-15 13:39:37
DataVideo\B2809WGY.mp4,B2809HGY,0,,0,0,0,,Small,2025-07-15 13:39:38
DataVideo\B2809WGY.mp4,B2809HGY,0,,0,0,0,,Small,2025-07-15 13:39:39
DataVideo\B2809WGY.mp4,B2809HGY,0,,0,0,0,,Small,2025-07-15 13:39:39
DataVideo\B2809WGY.mp4,B2809HGY,0,,0,0,0,,Small,2025-07-15 13:39:40
DataVideo\B2809WGY.mp4,B2809HG,0,,0,0,0,,Small,2025-07-15 13:39:41
DataVideo\B2809WGY.mp4,B2809HGY,0,,0,0,0,,Small,2025-07-15 13:39:41
DataVideo\B2809WGY.mp4,B2809HG,0,,0,0,0,,Small,2025-07-15 13:39:42
DataVideo\B2809WGY.mp4,82869H6,0,,0,0,0,,Small,2025-07-15 13:39:43
DataVideo\B2809WGY.mp4,A,0,,0,0,0,,Small,2025-07-15 13:40:01
DataVideo\B2962SII.mp4,POH,0,,0,0,0,,Small,2025-07-15 13:40:07
DataVideo\B2962SII.mp4,B2962SII,0,,0,0,0,,Small,2025-07-15 13:40:12
DataVideo\B2962SII.mp4,B2962SI,0,,0,0,0,,Small,2025-07-15 13:40:13
DataVideo\B2962SII.mp4,29625II,0,,0,0,0,,Small,2025-07-15 13:40:15
DataVideo\B2962SII.mp4,B2962SI,0,,0,0,0,,Small,2025-07-15 13:40:18
DataVideo\B2962SII.mp4,B2962SII,0,,0,0,0,,Small,2025-07-15 13:40:18
DataVideo\B2962SII.mp4,B2962SII,0,,0,0,0,,Small,2025-07-15 13:40:20
DataVideo\B2962SII.mp4,B2962SII,0,,0,0,0,,Small,2025-07-15 13:40:22
DataVideo\B2962SII.mp4,B2962SII,0,,0,0,0,,Small,2025-07-15 13:40:23
DataVideo\B2962SII.mp4,B2962SII,0,,0,0,0,,Small,2025-07-15 13:40:24
DataVideo\B2962SII.mp4,B2962SII,0,,0,0,0,,Small,2025-07-15 13:40:25
DataVideo\B2962SII.mp4,B2962SII,0,,0,0,0,,Small,2025-07-15 13:40:26
DataVideo\B2962SII.mp4,B2962SII,0,,0,0,0,,Small,2025-07-15 13:40:27
DataVideo\B2962SII.mp4,B2962SII,0,,0,0,0,,Small,2025-07-15 13:40:28
DataVideo\B2962SII.mp4,B2962SII,0,,0,0,0,,Small,2025-07-15 13:40:29
DataVideo\B2962SII.mp4,B2962SII,0,,0,0,0,,Small,2025-07-15 13:40:30
DataVideo\B2962SII.mp4,B2962SII,0,,0,0,0,,Small,2025-07-15 13:40:31
DataVideo\B2962SII.mp4,B2962SII,0,,0,0,0,,Small,2025-07-15 13:40:32
DataVideo\B2962SII.mp4,B2962SII,0,,0,0,0,,Small,2025-07-15 13:40:34
DataVideo\B2962SII.mp4,B2962SII,0,,0,0,0,,Small,2025-07-15 13:40:35
DataVideo\B2962SII.mp4,B2962SII,0,,0,0,0,,Small,2025-07-15 13:40:35
DataVideo\B2962SII.mp4,B2962SII,0,,0,0,0,,Small,2025-07-15 13:40:36
DataVideo\B2962SII.mp4,B2962SII,0,,0,0,0,,Small,2025-07-15 13:40:37
DataVideo\B2962SII.mp4,B29625II,0,,0,0,0,,Small,2025-07-15 13:40:38
DataVideo\B2962SII.mp4,PM5MOD,0,,0,0,0,,Small,2025-07-15 13:40:40
DataVideo\B2962SII.mp4,PM5MOBT,0,,0,0,0,,Small,2025-07-15 13:40:41
DataVideo\B2962SII.mp4,PM5MOD,0,,0,0,0,,Small,2025-07-15 13:40:42
DataVideo\B2962SII.mp4,PM5MOD,0,,0,0,0,,Small,2025-07-15 13:40:42
DataVideo\B2962SII.mp4,P5MOBHL,0,,0,0,0,,Small,2025-07-15 13:40:49
DataVideo\B2962SII.mp4,P5MOBHL,0,,0,0,0,,Small,2025-07-15 13:40:51
DataVideo\B2962SII.mp4,P5MOBHL,0,,0,0,0,,Small,2025-07-15 13:40:52
DataVideo\B2962SII.mp4,P5MORH,0,,0,0,0,,Small,2025-07-15 13:40:53
DataVideo\B2962SII.mp4,PM5MORH,0,,0,0,0,,Small,2025-07-15 13:40:57
DataVideo\B2962SII.mp4,rF5MOBL,0,,0,0,0,,Small,2025-07-15 13:40:58
DataVideo\B2962SII.mp4,PM5MOBIL,0,,0,0,0,,Small,2025-07-15 13:41:00
DataVideo\B3083BWS.mp4,B3083BWS,0,,0,0,0,,Small,2025-07-15 13:41:44
DataVideo\B3083BWS.mp4,B3083BWS,0,,0,0,0,,Small,2025-07-15 13:41:45
DataVideo\B3083BWS.mp4,B3083BWS,0,,0,0,0,,Small,2025-07-15 13:41:46
DataVideo\B3083BWS.mp4,B3083BWS,0,,0,0,0,,Small,2025-07-15 13:41:47
DataVideo\B3083BWS.mp4,B3083BWS,0,,0,0,0,,Small,2025-07-15 13:41:48
DataVideo\B3083BWS.mp4,B3083BWS,0,,0,0,0,,Small,2025-07-15 13:41:49
DataVideo\B3083BWS.mp4,B3083BWS,0,,0,0,0,,Small,2025-07-15 13:41:51
DataVideo\B3083BWS.mp4,B3083BWS,0,,0,0,0,,Small,2025-07-15 13:41:52
DataVideo\B3083BWS.mp4,B3083BWS,0,,0,0,0,,Small,2025-07-15 13:41:54
DataVideo\B3083BWS.mp4,B3083BWS,0,,0,0,0,,Small,2025-07-15 13:41:55
DataVideo\B3083BWS.mp4,3083BWS,0,,0,0,0,,Small,2025-07-15 13:41:57
DataVideo\B3083BWS.mp4,B3083BWS,0,,0,0,0,,Small,2025-07-15 13:41:58
DataVideo\B3083BWS.mp4,B3083BWS,0,,0,0,0,,Small,2025-07-15 13:41:59
DataVideo\B3083BWS.mp4,B3083BS,0,,0,0,0,,Small,2025-07-15 13:42:00
DataVideo\B3083BWS.mp4,B3083BWS,0,,0,0,0,,Small,2025-07-15 13:42:02
DataVideo\B3083BWS.mp4,B3083BWS,0,,0,0,0,,Small,2025-07-15 13:42:03
DataVideo\B3083BWS.mp4,B3083BWS,0,,0,0,0,,Small,2025-07-15 13:42:04
DataVideo\B3083BWS.mp4,B3083BWS,0,,0,0,0,,Small,2025-07-15 13:42:05
DataVideo\B3083BWS.mp4,B3083BWS,0,,0,0,0,,Small,2025-07-15 13:42:06
DataVideo\B3083BWS.mp4,B3083BWS,0,,0,0,0,,Small,2025-07-15 13:42:07
DataVideo\B3083BWS.mp4,B3083BS,0,,0,0,0,,Small,2025-07-15 13:42:08
DataVideo\B3083BWS.mp4,B3083BS,0,,0,0,0,,Small,2025-07-15 13:42:09
DataVideo\B3083BWS.mp4,B3083BS,0,,0,0,0,,Small,2025-07-15 13:42:10
DataVideo\B3083BWS.mp4,B3083BWS,0,,0,0,0,,Small,2025-07-15 13:42:10
DataVideo\B3083BWS.mp4,B3083BWS,0,,0,0,0,,Small,2025-07-15 13:42:11
DataVideo\B3083BWS.mp4,B3083BWS,0,,0,0,0,,Small,2025-07-15 13:42:13
DataVideo\B3083BWS.mp4,B3083BWS,0,,0,0,0,,Small,2025-07-15 13:42:14
DataVideo\B3083BWS.mp4,B3083BWS,0,,0,0,0,,Small,2025-07-15 13:42:14
DataVideo\B3083BWS.mp4,B3083BWS,0,,0,0,0,,Small,2025-07-15 13:42:16
DataVideo\B3083BWS.mp4,B3083BWS,0,,0,0,0,,Small,2025-07-15 13:42:17
DataVideo\B3083BWS.mp4,B3083BWS,0,,0,0,0,,Small,2025-07-15 13:42:17
DataVideo\B3083BWS.mp4,B3083BS,0,,0,0,0,,Small,2025-07-15 13:42:18
DataVideo\B3083BWS.mp4,B3083BS,0,,0,0,0,,Small,2025-07-15 13:42:19
DataVideo\B3083BWS.mp4,B3083B,0,,0,0,0,,Small,2025-07-15 13:42:21
DataVideo\B3083BWS.mp4,B3083B4,0,,0,0,0,,Small,2025-07-15 13:42:22
DataVideo\B3134VFE.mp4,B313VFE,0,,0,0,0,,Small,2025-07-15 13:42:35
DataVideo\B3134VFE.mp4,B313VFE,0,,0,0,0,,Small,2025-07-15 13:42:37
DataVideo\B3134VFE.mp4,B313VFE,0,,0,0,0,,Small,2025-07-15 13:42:38
DataVideo\B3134VFE.mp4,B313VFE,0,,0,0,0,,Small,2025-07-15 13:42:40
DataVideo\B3134VFE.mp4,B313VFE,0,,0,0,0,,Small,2025-07-15 13:42:41
DataVideo\B3134VFE.mp4,B313VFE,0,,0,0,0,,Small,2025-07-15 13:42:42
DataVideo\B3134VFE.mp4,B313VFE,0,,0,0,0,,Small,2025-07-15 13:42:43
DataVideo\B3134VFE.mp4,B313VFE,0,,0,0,0,,Small,2025-07-15 13:42:44
DataVideo\B3134VFE.mp4,B313VFE,0,,0,0,0,,Small,2025-07-15 13:42:45
DataVideo\B3134VFE.mp4,B313VFE,0,,0,0,0,,Small,2025-07-15 13:42:47
DataVideo\B3134VFE.mp4,B313VFE,0,,0,0,0,,Small,2025-07-15 13:42:48
DataVideo\B3134VFE.mp4,B313VFE,0,,0,0,0,,Small,2025-07-15 13:42:49
DataVideo\B3134VFE.mp4,B3134VFE,0,,0,0,0,,Small,2025-07-15 13:42:51
DataVideo\B3134VFE.mp4,B313VFE,0,,0,0,0,,Small,2025-07-15 13:42:55
DataVideo\B3134VFE.mp4,B313VFE,0,,0,0,0,,Small,2025-07-15 13:42:57
DataVideo\B3134VFE.mp4,B313VFE,0,,0,0,0,,Small,2025-07-15 13:42:58
DataVideo\B3134VFE.mp4,B313VFE,0,,0,0,0,,Small,2025-07-15 13:42:59
DataVideo\B3134VFE.mp4,B313VFE,0,,0,0,0,,Small,2025-07-15 13:43:01
DataVideo\B3134VFE.mp4,B313VFE,0,,0,0,0,,Small,2025-07-15 13:43:03
DataVideo\B3134VFE.mp4,B313VFE,0,,0,0,0,,Small,2025-07-15 13:43:06
DataVideo\B3134VFE.mp4,B3134VFE,0,,0,0,0,,Small,2025-07-15 13:43:09
DataVideo\B3134VFE.mp4,VFE,0,,0,0,0,,Small,2025-07-15 13:43:11
DataVideo\B3134VFE.mp4,OZ,0,,0,0,0,,Small,2025-07-15 13:43:11
DataVideo\B3288UKU.mp4,B3288UKU,0,,0,0,0,,Small,2025-07-15 13:47:54
DataVideo\B3288UKU.mp4,B3288UKU,0,,0,0,0,,Small,2025-07-15 13:47:55
DataVideo\B3288UKU.mp4,B3288UKU,0,,0,0,0,,Small,2025-07-15 13:48:01
DataVideo\B3288UKU.mp4,B3288UKU,0,,0,0,0,,Small,2025-07-15 13:48:06
DataVideo\B3288UKU.mp4,B3288UKU,0,,0,0,0,,Small,2025-07-15 13:48:10
DataVideo\B3288UKU.mp4,3288UKU,0,,0,0,0,,Small,2025-07-15 13:48:11
DataVideo\B3288UKU.mp4,B3288UKU,0,,0,0,0,,Small,2025-07-15 13:48:45
DataVideo\B3386EYB.mp4,B3386EYB,0,,0,0,0,,Small,2025-07-15 13:49:22
DataVideo\B3386EYB.mp4,B3386EYB,0,,0,0,0,,Small,2025-07-15 13:49:23
DataVideo\B3386EYB.mp4,B3386EYB,0,,0,0,0,,Small,2025-07-15 13:49:24
DataVideo\B3386EYB.mp4,B3386EYB,0,,0,0,0,,Small,2025-07-15 13:49:27
DataVideo\B3386EYB.mp4,B3386EYB,0,,0,0,0,,Small,2025-07-15 13:49:28
DataVideo\B3386EYB.mp4,B3386EYB,0,,0,0,0,,Small,2025-07-15 13:49:29
DataVideo\B3386EYB.mp4,B3386EYB,0,,0,0,0,,Small,2025-07-15 13:49:30
DataVideo\B3414PME.mp4,83Z14PHE,0,,0,0,0,,Small,2025-07-15 13:49:46
DataVideo\B3414PME.mp4,B3414PME,0,,0,0,0,,Small,2025-07-15 13:49:59
DataVideo\B3414PME.mp4,B31PME,0,,0,0,0,,Small,2025-07-15 13:50:21
DataVideo\B3414PME.mp4,B341PME,0,,0,0,0,,Small,2025-07-15 13:50:22
DataVideo\B3480EYJ.mp4,380EYJ,0,,0,0,0,,Small,2025-07-15 13:50:30
DataVideo\B3480EYJ.mp4,B380EYJ,0,,0,0,0,,Small,2025-07-15 13:50:32
DataVideo\B3480EYJ.mp4,B3Z80EYJ,0,,0,0,0,,Small,2025-07-15 13:50:33
DataVideo\B3480EYJ.mp4,B380EYJ,0,,0,0,0,,Small,2025-07-15 13:50:34
DataVideo\B3480EYJ.mp4,B380EYJ,0,,0,0,0,,Small,2025-07-15 13:50:35
DataVideo\B3480EYJ.mp4,B3480EYJ,0,,0,0,0,,Small,2025-07-15 13:50:37
DataVideo\B3480EYJ.mp4,B3480EYJ,0,,0,0,0,,Small,2025-07-15 13:50:37
DataVideo\B3480EYJ.mp4,B3480EYJ,0,,0,0,0,,Small,2025-07-15 13:50:45
DataVideo\B3480EYJ.mp4,B,0,,0,0,0,,Small,2025-07-15 13:50:49
DataVideo\B3480EYJ.mp4,B,0,,0,0,0,,Small,2025-07-15 13:50:50
DataVideo\B3480EYJ.mp4,B3L80EYJ,0,,0,0,0,,Small,2025-07-15 13:50:51
DataVideo\B3480EYJ.mp4,B3480EYJ,0,,0,0,0,,Small,2025-07-15 13:50:52
DataVideo\B3480EYJ.mp4,B3L80EYJ,0,,0,0,0,,Small,2025-07-15 13:50:52
DataVideo\B3480EYJ.mp4,10ZB,0,,0,0,0,,Small,2025-07-15 13:50:54
DataVideo\B3492BTX.mp4,834928TX,0,,0,0,0,,Small,2025-07-15 13:53:59
DataVideo\B3492BTX.mp4,834928TY,0,,0,0,0,,Small,2025-07-15 13:54:01
DataVideo\B3492BTX.mp4,0,0,,0,0,0,,Small,2025-07-15 13:54:03
DataVideo\B3508WEJ.mp4,8,0,,0,0,0,,Small,2025-07-15 13:54:13
DataVideo\B3508WEJ.mp4,35OB,0,,0,0,0,,Small,2025-07-15 13:54:13
DataVideo\B3508WEJ.mp4,B3508WEJ,0,,0,0,0,,Small,2025-07-15 13:54:15
DataVideo\B3508WEJ.mp4,B3508WEJ,0,,0,0,0,,Small,2025-07-15 13:54:16
DataVideo\B3508WEJ.mp4,B3508HEJ,0,,0,0,0,,Small,2025-07-15 13:54:17
DataVideo\B3508WEJ.mp4,B3508WEJ,0,,0,0,0,,Small,2025-07-15 13:54:19
DataVideo\B3508WEJ.mp4,B3508HEJ,0,,0,0,0,,Small,2025-07-15 13:54:20
DataVideo\B3508WEJ.mp4,B,0,,0,0,0,,Small,2025-07-15 13:54:22
DataVideo\B3508WEJ.mp4,B,0,,0,0,0,,Small,2025-07-15 13:54:24
DataVideo\B3508WEJ.mp4,B,0,,0,0,0,,Small,2025-07-15 13:54:25
DataVideo\B3508WEJ.mp4,B,0,,0,0,0,,Small,2025-07-15 13:54:26
DataVideo\B3508WEJ.mp4,B,0,,0,0,0,,Small,2025-07-15 13:54:27
DataVideo\B3508WEJ.mp4,B,0,,0,0,0,,Small,2025-07-15 13:54:28
DataVideo\B3508WEJ.mp4,B3508HEJ,0,,0,0,0,,Small,2025-07-15 13:54:29
DataVideo\B3508WEJ.mp4,B3508WEJ,0,,0,0,0,,Small,2025-07-15 13:54:30
DataVideo\B3508WEJ.mp4,B,0,,0,0,0,,Small,2025-07-15 13:54:30
DataVideo\B3508WEJ.mp4,B3508WEJ,0,,0,0,0,,Small,2025-07-15 13:54:32
DataVideo\B3508WEJ.mp4,B3508HEJ,0,,0,0,0,,Small,2025-07-15 13:54:33
DataVideo\B3508WEJ.mp4,B3508HEJ,0,,0,0,0,,Small,2025-07-15 13:54:34
DataVideo\B3508WEJ.mp4,B3508HEJ,0,,0,0,0,,Small,2025-07-15 13:54:36
DataVideo\B3508WEJ.mp4,3508WEJ,0,,0,0,0,,Small,2025-07-15 13:54:37
DataVideo\B3508WEJ.mp4,3508HEJI,0,,0,0,0,,Small,2025-07-15 13:54:38
DataVideo\B3531EYA.mp4,83531EA,0,,0,0,0,,Small,2025-07-15 13:54:56
DataVideo\B3531EYA.mp4,83531EA,0,,0,0,0,,Small,2025-07-15 13:54:57
DataVideo\B3531EYA.mp4,83531EA,0,,0,0,0,,Small,2025-07-15 13:54:58
DataVideo\B3531EYA.mp4,353TEYA,0,,0,0,0,,Small,2025-07-15 13:54:59
DataVideo\B3531EYA.mp4,3531EA,0,,0,0,0,,Small,2025-07-15 13:55:00
DataVideo\B3531EYA.mp4,3531EVA,0,,0,0,0,,Small,2025-07-15 13:55:01
DataVideo\B3531EYA.mp4,3531EA,0,,0,0,0,,Small,2025-07-15 13:55:02
DataVideo\B3531EYA.mp4,3531EYA,0,,0,0,0,,Small,2025-07-15 13:55:03
DataVideo\B3531EYA.mp4,B3531EYA,0,,0,0,0,,Small,2025-07-15 13:55:04
DataVideo\B3531EYA.mp4,B3531EYA,0,,0,0,0,,Small,2025-07-15 13:55:05
DataVideo\B3531EYA.mp4,B3531EA,0,,0,0,0,,Small,2025-07-15 13:55:06
DataVideo\B3531EYA.mp4,B3531EA,0,,0,0,0,,Small,2025-07-15 13:55:07
DataVideo\B3531EYA.mp4,B3531EA,0,,0,0,0,,Small,2025-07-15 13:55:08
DataVideo\B3531EYA.mp4,B3531EA,0,,0,0,0,,Small,2025-07-15 13:55:08
DataVideo\B3531EYA.mp4,B,0,,0,0,0,,Small,2025-07-15 13:55:09
DataVideo\B3531EYA.mp4,B3531EYA,0,,0,0,0,,Small,2025-07-15 13:55:10
DataVideo\B3531EYA.mp4,B3531EA,0,,0,0,0,,Small,2025-07-15 13:55:11
DataVideo\B3531EYA.mp4,B3531EA,0,,0,0,0,,Small,2025-07-15 13:55:12
DataVideo\B3531EYA.mp4,B3531EVA,0,,0,0,0,,Small,2025-07-15 13:55:13
DataVideo\B3531EYA.mp4,B3531EVA,0,,0,0,0,,Small,2025-07-15 13:55:14
DataVideo\B3531EYA.mp4,B3531EA,0,,0,0,0,,Small,2025-07-15 13:55:14
DataVideo\B3531EYA.mp4,B3531EYA,0,,0,0,0,,Small,2025-07-15 13:55:15
DataVideo\B3531EYA.mp4,B3531EA,0,,0,0,0,,Small,2025-07-15 13:55:16
DataVideo\B3531EYA.mp4,B3531EA,0,,0,0,0,,Small,2025-07-15 13:55:17
DataVideo\B3531EYA.mp4,353EYA,0,,0,0,0,,Small,2025-07-15 13:55:17
DataVideo\B3531EYA.mp4,8531EYA,0,,0,0,0,,Small,2025-07-15 13:55:18
DataVideo\B3531EYA.mp4,B3531EA,0,,0,0,0,,Small,2025-07-15 13:55:19
DataVideo\B3531EYA.mp4,B3531EA,0,,0,0,0,,Small,2025-07-15 13:55:19
DataVideo\B3531EYA.mp4,B3531EA,0,,0,0,0,,Small,2025-07-15 13:55:20
DataVideo\B3531EYA.mp4,B3531EVA,0,,0,0,0,,Small,2025-07-15 13:55:21
DataVideo\B3531EYA.mp4,B3531EVA,0,,0,0,0,,Small,2025-07-15 13:55:21
DataVideo\B3531EYA.mp4,B3531EVA,0,,0,0,0,,Small,2025-07-15 13:55:22
DataVideo\B3531EYA.mp4,B3531EVA,0,,0,0,0,,Small,2025-07-15 13:55:23
DataVideo\B3531EYA.mp4,3531EVA,0,,0,0,0,,Small,2025-07-15 13:55:24
DataVideo\B3531EYA.mp4,3531EYA,0,,0,0,0,,Small,2025-07-15 13:55:24
DataVideo\B3531EYA.mp4,3531EVA,0,,0,0,0,,Small,2025-07-15 13:55:25
DataVideo\B3531EYA.mp4,B3531EA,0,,0,0,0,,Small,2025-07-15 13:55:26
DataVideo\B3531EYA.mp4,B3531EVA,0,,0,0,0,,Small,2025-07-15 13:55:27
DataVideo\B3531EYA.mp4,B3531EVA,0,,0,0,0,,Small,2025-07-15 13:55:27
DataVideo\B3531EYA.mp4,B3531EA,0,,0,0,0,,Small,2025-07-15 13:55:28
DataVideo\B3531EYA.mp4,B3531EA,0,,0,0,0,,Small,2025-07-15 13:55:29
DataVideo\B3531EYA.mp4,B3531EA,0,,0,0,0,,Small,2025-07-15 13:55:30
DataVideo\B3531EYA.mp4,B3531EA,0,,0,0,0,,Small,2025-07-15 13:55:30
DataVideo\B3531EYA.mp4,353EA,0,,0,0,0,,Small,2025-07-15 13:55:31
DataVideo\B3531EYA.mp4,3531EA,0,,0,0,0,,Small,2025-07-15 13:55:32
DataVideo\B3531EYA.mp4,3531EA,0,,0,0,0,,Small,2025-07-15 13:55:33
DataVideo\B3531EYA.mp4,B353EA,0,,0,0,0,,Small,2025-07-15 13:55:33
DataVideo\B3531EYA.mp4,B3531EYA,0,,0,0,0,,Small,2025-07-15 13:55:34
DataVideo\B3531EYA.mp4,83531EA,0,,0,0,0,,Small,2025-07-15 13:55:35
DataVideo\B3531EYA.mp4,3531EYA,0,,0,0,0,,Small,2025-07-15 13:55:36
DataVideo\B3531EYA.mp4,3531EVA,0,,0,0,0,,Small,2025-07-15 13:55:37
DataVideo\B3531EYA.mp4,3531EVA,0,,0,0,0,,Small,2025-07-15 13:55:38
DataVideo\B3564NZC.mp4,B3564NZC,0,,0,0,0,,Small,2025-07-15 13:55:46
DataVideo\B3564NZC.mp4,B3564NZC,0,,0,0,0,,Small,2025-07-15 13:55:47
DataVideo\B3564NZC.mp4,B3564NZC,0,,0,0,0,,Small,2025-07-15 13:55:47
DataVideo\B3564NZC.mp4,B3564NZC,0,,0,0,0,,Small,2025-07-15 13:55:48
DataVideo\B3564NZC.mp4,B3564NZC,0,,0,0,0,,Small,2025-07-15 13:55:49
DataVideo\B3564NZC.mp4,B3564NZC,0,,0,0,0,,Small,2025-07-15 13:55:49
DataVideo\B3564NZC.mp4,B3564NZC,0,,0,0,0,,Small,2025-07-15 13:55:50
DataVideo\B3564NZC.mp4,B3564NZC,0,,0,0,0,,Small,2025-07-15 13:55:50
DataVideo\B3564NZC.mp4,B3564NZC,0,,0,0,0,,Small,2025-07-15 13:55:51
DataVideo\B3564NZC.mp4,B3564NZC,0,,0,0,0,,Small,2025-07-15 13:55:51
DataVideo\B3564NZC.mp4,B3564NZC,0,,0,0,0,,Small,2025-07-15 13:55:52
DataVideo\B3564NZC.mp4,B3564NZC,0,,0,0,0,,Small,2025-07-15 13:55:52
DataVideo\B3564NZC.mp4,B356NZC,0,,0,0,0,,Small,2025-07-15 13:55:53
DataVideo\B3564NZC.mp4,B3564NZC,0,,0,0,0,,Small,2025-07-15 13:55:53
DataVideo\B3564NZC.mp4,B3564NZC,0,,0,0,0,,Small,2025-07-15 13:55:54
DataVideo\B3564NZC.mp4,B3564NZC,0,,0,0,0,,Small,2025-07-15 13:55:54
DataVideo\B3564NZC.mp4,B3564NZC,0,,0,0,0,,Small,2025-07-15 13:55:55
DataVideo\B3564NZC.mp4,B3564NZC,0,,0,0,0,,Small,2025-07-15 13:55:56
DataVideo\B3564NZC.mp4,B3564NZC,0,,0,0,0,,Small,2025-07-15 13:55:58
DataVideo\B3564NZC.mp4,B3564NZC,0,,0,0,0,,Small,2025-07-15 13:55:59
DataVideo\B3564NZC.mp4,B3564NZC,0,,0,0,0,,Small,2025-07-15 13:56:00
DataVideo\B3564NZC.mp4,B3564NZC,0,,0,0,0,,Small,2025-07-15 13:56:01
DataVideo\B3564NZC.mp4,B3564NZC,0,,0,0,0,,Small,2025-07-15 13:56:02
DataVideo\B3564NZC.mp4,B3564NZC,0,,0,0,0,,Small,2025-07-15 13:56:04
DataVideo\B3564NZC.mp4,B3564NZC,0,,0,0,0,,Small,2025-07-15 13:56:05
DataVideo\B3564NZC.mp4,B3564NZC,0,,0,0,0,,Small,2025-07-15 13:56:06
DataVideo\B3564NZC.mp4,B3564NZC,0,,0,0,0,,Small,2025-07-15 13:56:08
DataVideo\B3564NZC.mp4,B3564NZC,0,,0,0,0,,Small,2025-07-15 13:56:08
DataVideo\B3564NZC.mp4,B3564NZC,0,,0,0,0,,Small,2025-07-15 13:56:09
DataVideo\B3564NZC.mp4,B3564NZC,0,,0,0,0,,Small,2025-07-15 13:56:10
DataVideo\B3564NZC.mp4,B3564NZC,0,,0,0,0,,Small,2025-07-15 13:56:11
DataVideo\B3564NZC.mp4,B3564NZC,0,,0,0,0,,Small,2025-07-15 13:56:11
DataVideo\B3564NZC.mp4,B3564NZC,0,,0,0,0,,Small,2025-07-15 13:56:12
DataVideo\B3564NZC.mp4,B3564NZC,0,,0,0,0,,Small,2025-07-15 13:56:13
DataVideo\B3564NZC.mp4,B3564NZC,0,,0,0,0,,Small,2025-07-15 13:56:13
DataVideo\B3564NZC.mp4,B3564NZC,0,,0,0,0,,Small,2025-07-15 13:56:14
DataVideo\B3564NZC.mp4,B3564NZC,0,,0,0,0,,Small,2025-07-15 13:56:15
DataVideo\B3564NZC.mp4,B3564NZC,0,,0,0,0,,Small,2025-07-15 13:56:16
DataVideo\B3564NZC.mp4,B3564NZC,0,,0,0,0,,Small,2025-07-15 13:56:17
DataVideo\B3564NZC.mp4,B3564NZC,0,,0,0,0,,Small,2025-07-15 13:56:18
DataVideo\B3564NZC.mp4,B3564NZC,0,,0,0,0,,Small,2025-07-15 13:56:19
DataVideo\B3670CNH.mp4,0B9,0,,0,0,0,,Small,2025-07-15 13:57:19
DataVideo\B3670CNH.mp4,B3670CNH,0,,0,0,0,,Small,2025-07-15 13:57:19
DataVideo\B3896COP.mp4,B3896CQP,0,,0,0,0,,Small,2025-07-15 14:00:09
DataVideo\B3896COP.mp4,B3896CQP,0,,0,0,0,,Small,2025-07-15 14:00:11
DataVideo\B3896COP.mp4,B3896COP,0,,0,0,0,,Small,2025-07-15 14:00:14
DataVideo\B3896COP.mp4,B3896COP,0,,0,0,0,,Small,2025-07-15 14:00:15
DataVideo\B3896COP.mp4,B3896CQP,0,,0,0,0,,Small,2025-07-15 14:00:23
DataVideo\B3896COP.mp4,B3896CQP,0,,0,0,0,,Small,2025-07-15 14:00:26
DataVideo\B3896COP.mp4,B3896CQP,0,,0,0,0,,Small,2025-07-15 14:00:27
DataVideo\B3896COP.mp4,B3896CQP,0,,0,0,0,,Small,2025-07-15 14:00:29
DataVideo\B3896COP.mp4,B3896CQP,0,,0,0,0,,Small,2025-07-15 14:00:35
DataVideo\B3896COP.mp4,B3896COP,0,,0,0,0,,Small,2025-07-15 14:00:37
DataVideo\B3896COP.mp4,B3896COP,0,,0,0,0,,Small,2025-07-15 14:00:38
DataVideo\B3896COP.mp4,B3896COP,0,,0,0,0,,Small,2025-07-15 14:00:45
DataVideo\B3896COP.mp4,B3896CQP,0,,0,0,0,,Small,2025-07-15 14:00:47
DataVideo\B3896COP.mp4,B3896COP,0,,0,0,0,,Small,2025-07-15 14:00:53
DataVideo\B3896COP.mp4,B3896CQP,0,,0,0,0,,Small,2025-07-15 14:00:54
DataVideo\B3896COP.mp4,B3896COP,0,,0,0,0,,Small,2025-07-15 14:01:06
DataVideo\B3896COP.mp4,B3896COP,0,,0,0,0,,Small,2025-07-15 14:01:08
DataVideo\B3896COP.mp4,B3896CQP,0,,0,0,0,,Small,2025-07-15 14:01:11
DataVideo\B3896COP.mp4,B3896CQP,0,,0,0,0,,Small,2025-07-15 14:01:13
DataVideo\B3896COP.mp4,B3896CQP,0,,0,0,0,,Small,2025-07-15 14:01:15
DataVideo\B3896COP.mp4,B3896CQP,0,,0,0,0,,Small,2025-07-15 14:01:16
DataVideo\B3896COP.mp4,B3896CQP,0,,0,0,0,,Small,2025-07-15 14:01:21
DataVideo\B3896COP.mp4,B3896CQP,0,,0,0,0,,Small,2025-07-15 14:01:27
DataVideo\B3896COP.mp4,B3896CQP,0,,0,0,0,,Small,2025-07-15 14:01:28
DataVideo\B3896COP.mp4,B3896COP,0,,0,0,0,,Small,2025-07-15 14:01:31
DataVideo\B3896COP.mp4,B3896CQP,0,,0,0,0,,Small,2025-07-15 14:01:32
DataVideo\B3896COP.mp4,B3896COP,0,,0,0,0,,Small,2025-07-15 14:01:33
DataVideo\B3896COP.mp4,B3896CQP,0,,0,0,0,,Small,2025-07-15 14:01:35
DataVideo\B3896COP.mp4,B3896COP,0,,0,0,0,,Small,2025-07-15 14:01:37
DataVideo\B3896COP.mp4,B3896CQP,0,,0,0,0,,Small,2025-07-15 14:01:39
DataVideo\B3896COP.mp4,B3896CQP,0,,0,0,0,,Small,2025-07-15 14:01:41
DataVideo\B3896COP.mp4,B3896CQP,0,,0,0,0,,Small,2025-07-15 14:01:42
DataVideo\B3896COP.mp4,B3896COP,0,,0,0,0,,Small,2025-07-15 14:01:43
DataVideo\B3896COP.mp4,B3896CQP,0,,0,0,0,,Small,2025-07-15 14:01:44
DataVideo\B3896COP.mp4,B3896COP,0,,0,0,0,,Small,2025-07-15 14:01:49
DataVideo\B3896COP.mp4,B3896COP,0,,0,0,0,,Small,2025-07-15 14:01:50
DataVideo\B3896COP.mp4,B3896COP,0,,0,0,0,,Small,2025-07-15 14:01:52
DataVideo\B3896COP.mp4,B3896CQP,0,,0,0,0,,Small,2025-07-15 14:01:53
DataVideo\B3896COP.mp4,B3896CQP,0,,0,0,0,,Small,2025-07-15 14:01:55
DataVideo\B3896COP.mp4,B3896COP,0,,0,0,0,,Small,2025-07-15 14:01:56
DataVideo\B3896COP.mp4,B3896CQP,0,,0,0,0,,Small,2025-07-15 14:01:57
DataVideo\B3896COP.mp4,B3896COP,0,,0,0,0,,Small,2025-07-15 14:01:58
DataVideo\B3896COP.mp4,B3896COP,0,,0,0,0,,Small,2025-07-15 14:02:01
DataVideo\B3896COP.mp4,3896COP,0,,0,0,0,,Small,2025-07-15 14:02:02
DataVideo\B3989EYT.mp4,B3989EYT,0,,0,0,0,,Small,2025-07-15 14:02:30
DataVideo\B3989EYT.mp4,B3989EYT,0,,0,0,0,,Small,2025-07-15 14:02:31
DataVideo\B3989EYT.mp4,B3989EYT,0,,0,0,0,,Small,2025-07-15 14:02:33
DataVideo\B3989EYT.mp4,B3989EYT,0,,0,0,0,,Small,2025-07-15 14:02:35
DataVideo\B3989EYT.mp4,B3989EYT,0,,0,0,0,,Small,2025-07-15 14:02:35
DataVideo\B3989EYT.mp4,B3989EYT,0,,0,0,0,,Small,2025-07-15 14:02:37
DataVideo\B3989EYT.mp4,B3989EYT,0,,0,0,0,,Small,2025-07-15 14:02:38
DataVideo\B3989EYT.mp4,B3989EYT,0,,0,0,0,,Small,2025-07-15 14:02:38
DataVideo\B3989EYT.mp4,B3989EYT,0,,0,0,0,,Small,2025-07-15 14:02:39
DataVideo\B3989EYT.mp4,83989EYT,0,,0,0,0,,Small,2025-07-15 14:02:40
DataVideo\B3989EYT.mp4,B3989EYT,0,,0,0,0,,Small,2025-07-15 14:02:41
DataVideo\B3989EYT.mp4,B3989EYT,0,,0,0,0,,Small,2025-07-15 14:02:42
DataVideo\B3989EYT.mp4,B3989EYT,0,,0,0,0,,Small,2025-07-15 14:02:42
DataVideo\B3989EYT.mp4,B3989EYT,0,,0,0,0,,Small,2025-07-15 14:02:44
DataVideo\B3989EYT.mp4,B3989EYT,0,,0,0,0,,Small,2025-07-15 14:02:45
DataVideo\B3989EYT.mp4,B3989EYT,0,,0,0,0,,Small,2025-07-15 14:02:46
DataVideo\B3989EYT.mp4,B3989EYT,0,,0,0,0,,Small,2025-07-15 14:02:49
DataVideo\B3989EYT.mp4,B3989EYT,0,,0,0,0,,Small,2025-07-15 14:02:49
DataVideo\B3989EYT.mp4,B3989EYT,0,,0,0,0,,Small,2025-07-15 14:02:52
DataVideo\B3989EYT.mp4,B3989EYT,0,,0,0,0,,Small,2025-07-15 14:02:53
DataVideo\B3989EYT.mp4,B3989EYT,0,,0,0,0,,Small,2025-07-15 14:02:56
DataVideo\B3989EYT.mp4,B3989EYT,0,,0,0,0,,Small,2025-07-15 14:02:58
DataVideo\B3989EYT.mp4,B3989EYT,0,,0,0,0,,Small,2025-07-15 14:02:58
DataVideo\B3989EYT.mp4,B3989EYT,0,,0,0,0,,Small,2025-07-15 14:02:59
DataVideo\B3989EYT.mp4,B3989EYT,0,,0,0,0,,Small,2025-07-15 14:03:02
DataVideo\B3989EYT.mp4,B3989EYT,0,,0,0,0,,Small,2025-07-15 14:03:02
DataVideo\B3989EYT.mp4,B3989EYT,0,,0,0,0,,Small,2025-07-15 14:03:03
DataVideo\B3989EYT.mp4,B3989EYT,0,,0,0,0,,Small,2025-07-15 14:03:04
DataVideo\B3989EYT.mp4,B3989EYT,0,,0,0,0,,Small,2025-07-15 14:03:05
DataVideo\B3989EYT.mp4,B3989EYT,0,,0,0,0,,Small,2025-07-15 14:03:05
DataVideo\B3989EYT.mp4,B3989EYT,0,,0,0,0,,Small,2025-07-15 14:03:14
DataVideo\B3989EYT.mp4,B3989EYT,0,,0,0,0,,Small,2025-07-15 14:03:15
DataVideo\B3989EYT.mp4,B3989EYT,0,,0,0,0,,Small,2025-07-15 14:03:16
DataVideo\B3989EYT.mp4,B3989EYT,0,,0,0,0,,Small,2025-07-15 14:03:19
DataVideo\B3989EYT.mp4,B3989EYT,0,,0,0,0,,Small,2025-07-15 14:03:20
DataVideo\B3989EYT.mp4,B3989EYT,0,,0,0,0,,Small,2025-07-15 14:03:25
DataVideo\B3989EYT.mp4,B3989EYT,0,,0,0,0,,Small,2025-07-15 14:03:28
DataVideo\B3989EYT.mp4,B3989EYT,0,,0,0,0,,Small,2025-07-15 14:03:29
DataVideo\B3989EYT.mp4,B3989EYT,0,,0,0,0,,Small,2025-07-15 14:03:30
DataVideo\B3989EYT.mp4,B3989EYT,0,,0,0,0,,Small,2025-07-15 14:03:31
DataVideo\B3989EYT.mp4,B3989EYT,0,,0,0,0,,Small,2025-07-15 14:03:35
DataVideo\B3989EYT.mp4,B3989EYT,0,,0,0,0,,Small,2025-07-15 14:03:40
DataVideo\B3989EYT.mp4,B3989EYT,0,,0,0,0,,Small,2025-07-15 14:03:42
DataVideo\B3989EYT.mp4,B3989EYT,0,,0,0,0,,Small,2025-07-15 14:03:43
DataVideo\B3989EYT.mp4,B3989EYT,0,,0,0,0,,Small,2025-07-15 14:03:44
DataVideo\B3989EYT.mp4,39B9,0,,0,0,0,,Small,2025-07-15 14:03:47
DataVideo\B4008TTJ.mp4,12Z7,0,,0,0,0,,Small,2025-07-15 14:05:11
DataVideo\B4187BLT.mp4,B4187BL7,0,,0,0,0,,Small,2025-07-15 14:06:51
DataVideo\B4232NDX.mp4,B232NDX,0,,0,0,0,,Small,2025-07-15 14:07:26
DataVideo\B4232NDX.mp4,4232NDX,0,,0,0,0,,Small,2025-07-15 14:07:27
DataVideo\B4232NDX.mp4,4232NDX,0,,0,0,0,,Small,2025-07-15 14:07:28
DataVideo\B4235SXK.mp4,B4235SXK,0,,0,0,0,,Small,2025-07-15 14:08:10
DataVideo\B4235SXK.mp4,03Z9,0,,0,0,0,,Small,2025-07-15 14:08:10
DataVideo\B4258TBO.mp4,PMS,0,,0,0,0,,Small,2025-07-15 14:08:16
DataVideo\B4274UAL.mp4,NAL,0,,0,0,0,,Small,2025-07-15 14:09:10
DataVideo\B4274UAL.mp4,UA,0,,0,0,0,,Small,2025-07-15 14:09:12
DataVideo\B4274UAL.mp4,UAI,0,,0,0,0,,Small,2025-07-15 14:09:14
DataVideo\B4274UAL.mp4,UAL,0,,0,0,0,,Small,2025-07-15 14:09:14
DataVideo\B4274UAL.mp4,UA,0,,0,0,0,,Small,2025-07-15 14:09:38
DataVideo\B4274UAL.mp4,B42AUAL,0,,0,0,0,,Small,2025-07-15 14:09:42
DataVideo\B4274UAL.mp4,B4UAL,0,,0,0,0,,Small,2025-07-15 14:09:44
DataVideo\B4274UAL.mp4,427AUAL,0,,0,0,0,,Small,2025-07-15 14:09:51
DataVideo\B4274UAL.mp4,4Z7,0,,0,0,0,,Small,2025-07-15 14:09:52
DataVideo\B4274UAL.mp4,B427AUAL,0,,0,0,0,,Small,2025-07-15 14:09:54
DataVideo\B4274UAL.mp4,B4074,0,,0,0,0,,Small,2025-07-15 14:09:58
DataVideo\B4274UAL.mp4,AP,0,,0,0,0,,Small,2025-07-15 14:10:01
DataVideo\B4274UAL.mp4,4274UAL,0,,0,0,0,,Small,2025-07-15 14:10:04
DataVideo\B4274UAL.mp4,874UAL,0,,0,0,0,,Small,2025-07-15 14:10:09
DataVideo\B4357EBU.mp4,B4357EB,0,,0,0,0,,Small,2025-07-15 14:14:19
DataVideo\B4357EBU.mp4,B4357EB,0,,0,0,0,,Small,2025-07-15 14:14:19
DataVideo\B4396SOE.mp4,B43865OE,0,,0,0,0,,Small,2025-07-15 14:14:30
DataVideo\B4396SOE.mp4,4396SOE,0,,0,0,0,,Small,2025-07-15 14:14:32
DataVideo\B4396SOE.mp4,B4386SOE,0,,0,0,0,,Small,2025-07-15 14:14:32
DataVideo\B4396SOE.mp4,4396SOE,0,,0,0,0,,Small,2025-07-15 14:14:33
DataVideo\B4396SOE.mp4,B4396SOE,0,,0,0,0,,Small,2025-07-15 14:14:34
DataVideo\B4396SOE.mp4,B4386SOE,0,,0,0,0,,Small,2025-07-15 14:14:35
DataVideo\B4396SOE.mp4,4396SOE,0,,0,0,0,,Small,2025-07-15 14:14:36
DataVideo\B4396SOE.mp4,B4396SOE,0,,0,0,0,,Small,2025-07-15 14:14:37
DataVideo\B4396SOE.mp4,B4396SOE,0,,0,0,0,,Small,2025-07-15 14:14:38
DataVideo\B4396SOE.mp4,B4386SOE,0,,0,0,0,,Small,2025-07-15 14:14:42
DataVideo\B4396SOE.mp4,B4396SOE,0,,0,0,0,,Small,2025-07-15 14:14:45
DataVideo\B4396SOE.mp4,B4396SOE,0,,0,0,0,,Small,2025-07-15 14:14:46
DataVideo\B4396SOE.mp4,B4386SOE,0,,0,0,0,,Small,2025-07-15 14:14:46
DataVideo\B4396SOE.mp4,B4396SOE,0,,0,0,0,,Small,2025-07-15 14:14:50
DataVideo\B4396SOE.mp4,B4386SOF,0,,0,0,0,,Small,2025-07-15 14:14:51
DataVideo\B4396SOE.mp4,B4386SOE,0,,0,0,0,,Small,2025-07-15 14:14:52
DataVideo\B4396SOE.mp4,B4396SOE,0,,0,0,0,,Small,2025-07-15 14:14:53
DataVideo\B4396SOE.mp4,B4386SOE,0,,0,0,0,,Small,2025-07-15 14:14:55
DataVideo\B4396SOE.mp4,B4386SOE,0,,0,0,0,,Small,2025-07-15 14:14:56
DataVideo\B4396SOE.mp4,B4396SOE,0,,0,0,0,,Small,2025-07-15 14:14:57
DataVideo\B4396SOE.mp4,B4396SOE,0,,0,0,0,,Small,2025-07-15 14:14:57
DataVideo\B4396SOE.mp4,B4396SOE,0,,0,0,0,,Small,2025-07-15 14:14:58
DataVideo\B4396SOE.mp4,B4396SOE,0,,0,0,0,,Small,2025-07-15 14:14:59
DataVideo\B4396SOE.mp4,B4396SOF,0,,0,0,0,,Small,2025-07-15 14:15:00
DataVideo\B4396SOE.mp4,B4396SOE,0,,0,0,0,,Small,2025-07-15 14:15:01
DataVideo\B4396SOE.mp4,B4396SOE,0,,0,0,0,,Small,2025-07-15 14:15:02
DataVideo\B4396SOE.mp4,B4396SOE,0,,0,0,0,,Small,2025-07-15 14:15:02
DataVideo\B4396SOE.mp4,B4396SOE,0,,0,0,0,,Small,2025-07-15 14:15:03
DataVideo\B4396SOE.mp4,B4396SOE,0,,0,0,0,,Small,2025-07-15 14:15:04
DataVideo\B4396SOE.mp4,B4396SOF,0,,0,0,0,,Small,2025-07-15 14:15:05
DataVideo\B4396SOE.mp4,B4396SOF,0,,0,0,0,,Small,2025-07-15 14:15:05
DataVideo\B4396SOE.mp4,B4396SOE,0,,0,0,0,,Small,2025-07-15 14:15:06
DataVideo\B4396SOE.mp4,B4396SOE,0,,0,0,0,,Small,2025-07-15 14:15:07
DataVideo\B4396SOE.mp4,B4396SOE,0,,0,0,0,,Small,2025-07-15 14:15:09
DataVideo\B4396SOE.mp4,B4396SOE,0,,0,0,0,,Small,2025-07-15 14:15:10
DataVideo\B4396SOE.mp4,B4396SOE,0,,0,0,0,,Small,2025-07-15 14:15:12
DataVideo\B4396SOE.mp4,B4396SOE,0,,0,0,0,,Small,2025-07-15 14:15:14
DataVideo\B4396SOE.mp4,B4396SOE,0,,0,0,0,,Small,2025-07-15 14:15:15
DataVideo\B4396SOE.mp4,B4386SOE,0,,0,0,0,,Small,2025-07-15 14:15:15
DataVideo\B4396SOE.mp4,B4396SOE,0,,0,0,0,,Small,2025-07-15 14:15:16
DataVideo\B4396SOE.mp4,B4396SOE,0,,0,0,0,,Small,2025-07-15 14:15:17
DataVideo\B4396SOE.mp4,B4396SOE,0,,0,0,0,,Small,2025-07-15 14:15:19
DataVideo\B4396SOE.mp4,B4396SOE,0,,0,0,0,,Small,2025-07-15 14:15:20
DataVideo\B4396SOE.mp4,B4386SOE,0,,0,0,0,,Small,2025-07-15 14:15:22
DataVideo\B4396SOE.mp4,B4396SOE,0,,0,0,0,,Small,2025-07-15 14:15:23
DataVideo\B4396SOE.mp4,B4396SOE,0,,0,0,0,,Small,2025-07-15 14:15:24
DataVideo\B4396SOE.mp4,B4386SOF,0,,0,0,0,,Small,2025-07-15 14:15:25
DataVideo\B4396SOE.mp4,B4386SOF,0,,0,0,0,,Small,2025-07-15 14:15:26
DataVideo\B4396SOE.mp4,84386SOE,0,,0,0,0,,Small,2025-07-15 14:15:27
DataVideo\B4508NMO.mp4,10Z9,0,,0,0,0,,Small,2025-07-15 14:15:56
DataVideo\B4508NMO.mp4,B508NMQ,0,,0,0,0,,Small,2025-07-15 14:15:57
DataVideo\B4577EBU.mp4,577EBU,0,,0,0,0,,Small,2025-07-15 14:16:50
DataVideo\B4672NKW.mp4,B4672NK,0,,0,0,0,,Small,2025-07-15 14:16:53
DataVideo\B4672NKW.mp4,B4672NKW,0,,0,0,0,,Small,2025-07-15 14:16:54
DataVideo\B4672NKW.mp4,B4672NKW,0,,0,0,0,,Small,2025-07-15 14:16:55
DataVideo\B4672NKW.mp4,B4672HKW,0,,0,0,0,,Small,2025-07-15 14:16:55
DataVideo\B4672NKW.mp4,84672NKH,0,,0,0,0,,Small,2025-07-15 14:16:56
DataVideo\B4672NKW.mp4,B4672NKW,0,,0,0,0,,Small,2025-07-15 14:16:57
DataVideo\B4672NKW.mp4,B4672NKW,0,,0,0,0,,Small,2025-07-15 14:18:03
DataVideo\B4672NKW.mp4,B4672NKW,0,,0,0,0,,Small,2025-07-15 14:18:13
DataVideo\B4672NKW.mp4,YAMAHA,0,,0,0,0,,Small,2025-07-15 14:18:14
DataVideo\B4737BUL.mp4,B4737,0,,0,0,0,,Small,2025-07-15 14:21:21
DataVideo\B4737BUL.mp4,B4737,0,,0,0,0,,Small,2025-07-15 14:21:34
DataVideo\B4738SHV.mp4,B4738SHV,0,,0,0,0,,Small,2025-07-15 14:22:00
DataVideo\B4738SHV.mp4,B4738SHV,0,,0,0,0,,Small,2025-07-15 14:22:01
DataVideo\B4738SHV.mp4,B4738SHV,0,,0,0,0,,Small,2025-07-15 14:22:06
DataVideo\B4738SHV.mp4,B4738SHV,0,,0,0,0,,Small,2025-07-15 14:22:09
DataVideo\B4738SHV.mp4,B4738SHV,0,,0,0,0,,Small,2025-07-15 14:22:10
DataVideo\B4738SHV.mp4,B4738SHV,0,,0,0,0,,Small,2025-07-15 14:22:12
DataVideo\B4738SHV.mp4,B4738SHV,0,,0,0,0,,Small,2025-07-15 14:22:17
DataVideo\B4738SHV.mp4,B4738SHV,0,,0,0,0,,Small,2025-07-15 14:22:18
DataVideo\B4738SHV.mp4,84738SHV,0,,0,0,0,,Small,2025-07-15 14:22:19
DataVideo\B4738SHV.mp4,B4738SHV,0,,0,0,0,,Small,2025-07-15 14:22:21
DataVideo\B4738SHV.mp4,84738SHV,0,,0,0,0,,Small,2025-07-15 14:22:22
DataVideo\B4738SHV.mp4,B4738SHV,0,,0,0,0,,Small,2025-07-15 14:22:23
DataVideo\B4738SHV.mp4,84738SHV,0,,0,0,0,,Small,2025-07-15 14:22:24
DataVideo\B4738SHV.mp4,B4738SHV,0,,0,0,0,,Small,2025-07-15 14:22:26
DataVideo\B4775TSI.mp4,B4775TS,0,,0,0,0,,Small,2025-07-15 14:22:43
DataVideo\B4775TSI.mp4,B4775TSI,0,,0,0,0,,Small,2025-07-15 14:22:53
DataVideo\B4775TSI.mp4,6,0,,0,0,0,,Small,2025-07-15 14:22:57
DataVideo\B4775TSI.mp4,4775TST,0,,0,0,0,,Small,2025-07-15 14:23:03
DataVideo\B4775TSI.mp4,B4775TSI,0,,0,0,0,,Small,2025-07-15 14:23:04
DataVideo\B4775TSI.mp4,B4775TSI,0,,0,0,0,,Small,2025-07-15 14:23:05
DataVideo\B4775TSI.mp4,09Z7,0,,0,0,0,,Small,2025-07-15 14:23:14
DataVideo\B4775TSI.mp4,S1I7,0,,0,0,0,,Small,2025-07-15 14:23:15
DataVideo\B4775TSI.mp4,477S,0,,0,0,0,,Small,2025-07-15 14:23:16
DataVideo\B4787SDH.mp4,B47B7,0,,0,0,0,,Small,2025-07-15 14:24:36
DataVideo\B4787SDH.mp4,B47B7,0,,0,0,0,,Small,2025-07-15 14:24:39
DataVideo\B4812NKK.mp4,BENHIL,0,,0,0,0,,Small,2025-07-15 14:24:58
DataVideo\B4812NKK.mp4,BENHIL,0,,0,0,0,,Small,2025-07-15 14:24:59
DataVideo\B4812NKK.mp4,BENHIL,0,,0,0,0,,Small,2025-07-15 14:25:01
